title,time,link
'외교마찰' 韓기업에 보복 … 친러·친중 해킹공격 하루 4백건,,https://n.news.naver.com/mnews/article/009/0005332609?sid=105
"""100만원짜리가 6만원으로""…NFT 시장 몰락",,https://n.news.naver.com/mnews/article/003/0012659043?sid=101
"몸값 오른 가상화폐, 해킹 절도도 급증",,https://n.news.naver.com/mnews/article/215/0001170231?sid=004
거래량 증가 효과…'빗썸' 신규 상장 코인 급등세[특징코인],,https://n.news.naver.com/mnews/article/421/0007655318?sid=101
"“아, 김새네”…업비트·빗썸, 코인 하락장에 시큰둥해진 투자대회",,https://n.news.naver.com/mnews/article/243/0000061782?sid=101
가상화폐 해킹 절도 피해 급증…'가격급등' 상반기에 1조9천억원,,https://n.news.naver.com/mnews/article/001/0014798909?sid=101
2024년 주택시장 90년대생이 온다,,https://n.news.naver.com/mnews/article/015/0005008083?sid=101
"비트코인, 가격측정모델 멱법칙 분석 결과 내년 '2.4억원 '",,https://n.news.naver.com/mnews/article/123/0002337965?sid=004
‘비트코인 4억 간다’던 부자아빠… 최악 폭락장 경고,,https://n.news.naver.com/mnews/article/024/0000090222?sid=101
비트코인 바닥 찍고 반등?… 8300만원까지 회복 성공,,https://n.news.naver.com/mnews/article/008/0005061932?sid=101
트럼프 밈 코인에 막내아들이 관여했다?[비트코인 A to Z],,https://n.news.naver.com/mnews/article/050/0000077345?sid=101
"""아는 것이 힘""…송치형 두나무 회장, 업비트 투자자 교육에 힘싣는다",,https://n.news.naver.com/mnews/article/421/0007654258?sid=101
공수처 차장에 '검사 출신' 이재승 변호사,,https://n.news.naver.com/mnews/article/031/0000852023?sid=102
"비트코인, 이동평균선 골든크로스 임박 '급등 가능성'",,https://n.news.naver.com/mnews/article/123/0002337925?sid=004
알트코인이란? ‘비트코인과 아이들’ [돈이 되는 코인 이야기],,https://n.news.naver.com/mnews/article/081/0003463831?sid=101
해커가 훔친 암호화폐 2배 이상 늘었다,,https://n.news.naver.com/mnews/article/015/0005007932?sid=104
파월에 기대 거는 비트코인···5만8000달러선 회복 [매일코인],,https://n.news.naver.com/mnews/article/009/0005332231?sid=101
비트코인보다 더 떨어진 이더리움… ETF 승인 효과에는 의견 분분,,https://n.news.naver.com/mnews/article/366/0001003488?sid=101
비트코인 다시 8천 1백만 원 대 반등…'트럼프 효과'?,7시간 전,https://n.news.naver.com/mnews/article/374/0000391942?sid=101
"[단독]금융위, 비트모빅 DEX 거래소 '모빅매니아' 수사 의뢰",7시간 전,https://n.news.naver.com/mnews/article/293/0000056149?sid=101
"비트코인, 폭락장 속 단기투자 지갑 57만개 청산…큰 장 준비",8시간 전,https://n.news.naver.com/mnews/article/123/0002337916?sid=004
'비트코인 폭락' 독일 정부 때문?…진짜 이유는 [한경 코알라],8시간 전,https://n.news.naver.com/mnews/article/015/0005007890?sid=101
"대선 다가오는데…""비트코인 내년 2억원 돌파""",8시간 전,https://n.news.naver.com/mnews/article/215/0001170138?sid=101
"비트코인, 8200만원대 안착…""미 비트코인 ETF 순유입 영향""[코인브리핑]",8시간 전,https://n.news.naver.com/mnews/article/421/0007653687?sid=101
"송치형 두나무 회장, 투자자 교육 앞장…투자자보호센터 출범",8시간 전,https://n.news.naver.com/mnews/article/008/0005061756?sid=101
저점 매수에 힘입은 비트코인…2% 상승,8시간 전,https://n.news.naver.com/mnews/article/018/0005785636?sid=105
"비트코인, 저가 매수세에 8200만원 회복",8시간 전,https://n.news.naver.com/mnews/article/003/0012657248?sid=101
"""수상한 남자가 화단에 뭔가 파묻어""…전국에 마약 유통한 70명 덜미",8시간 전,https://n.news.naver.com/mnews/article/057/0001828760?sid=102
코스피·코스닥 하락 출발… 전선주는 빨간불 켰다,8시간 전,https://n.news.naver.com/mnews/article/008/0005061743?sid=101
"코스피, 2860선 사수전…환율 1380원대 중반",9시간 전,https://n.news.naver.com/mnews/article/374/0000391915?sid=101
"""부동산·주식·비트코인 대폭락 온다""…'부자아빠' 저자 경고",9시간 전,https://n.news.naver.com/mnews/article/277/0005443548?sid=101
힘 못쓰는 비트코인…하반기 금리 향방·미 대선이 변수,9시간 전,https://n.news.naver.com/mnews/article/025/0003372405?sid=101
"가장자산법 코앞…업비트·코인원, 예치 자산 관리 '분주'",10시간 전,https://n.news.naver.com/mnews/article/374/0000391908?sid=101
"""2억 간다더니"" 비트코인 폭락…코스피 상승에 주식 빚투 급증",10시간 전,https://n.news.naver.com/mnews/article/057/0001828724?sid=101
"회복 조짐 보이는 가상자산 시장… 비트코인, 6만달러 재터치할까",10시간 전,https://n.news.naver.com/mnews/article/366/0001003412?sid=101
비트코인 5억 간다더니…'부자아빠' 저자 돌연 ‘폭락' 경고,10시간 전,https://n.news.naver.com/mnews/article/014/0005211151?sid=104
S&P·나스닥 '또 최고치'...파월 해석 '분분' [출근전 꼭 글로벌브리핑],11시간 전,https://n.news.naver.com/mnews/article/215/0001170096?sid=101
'수조 원 비트코인' 쪼개 풀며 시장 쥐락펴락…큰손된 독일경찰청,11시간 전,https://n.news.naver.com/mnews/article/277/0005443416?sid=101
"파월 “금리 늦게 낮추면 경제 둔화”…S&P500, 0.07%↑[데일리국제금융시장]",11시간 전,https://n.news.naver.com/mnews/article/011/0004364220?sid=101
"'저가 매수' 비트코인 3% 상승, 5만8000달러 근접",11시간 전,https://n.news.naver.com/mnews/article/421/0007653205?sid=104
"비트코인 4억 간다더니…부자아빠 ""최악 폭락장 온다"" 경고",11시간 전,https://n.news.naver.com/mnews/article/374/0000391872?sid=101
"송치형 회장, 가상자산의 모든 것·투자사기 교육 강화",12시간 전,https://n.news.naver.com/mnews/article/031/0000851930?sid=101
"코인 투자 안전하게…업비트·코인원, 선제적 예치 자산 관리",12시간 전,https://n.news.naver.com/mnews/article/001/0014796883?sid=101
7월은 역사적 강세장…비트코인 반등할까,12시간 전,https://n.news.naver.com/mnews/article/648/0000027183?sid=101
"비트코인 8000만원대 회복... 부자아빠 기요사키 ""최악 폭락장 온다""",18시간 전,https://n.news.naver.com/mnews/article/053/0000044629?sid=101
"S&P500, 파월 발언 앞두고 또 사상 최고치 출발",19시간 전,https://n.news.naver.com/mnews/article/015/0005007780?sid=101
[데스크의 눈]#BTC 논쟁,19시간 전,https://n.news.naver.com/mnews/article/018/0005785406?sid=101
“아파트 화단에 수상한 걸 묻어요”…23세 총책 주도 마약 유통 일당 70명 검거,20시간 전,https://n.news.naver.com/mnews/article/009/0005332091?sid=102
"비트코인 4억설 주장한 '부자아빠', 폭락장 예고... 왜?",20시간 전,https://n.news.naver.com/mnews/article/123/0002337886?sid=004
"비트코인, 8월에 5억 간다더니…‘부자아빠’ 저자, 갑자기 ‘폭락 예고’ 이유는",21시간 전,https://n.news.naver.com/mnews/article/009/0005332079?sid=101
"‘비트코인 4억 간다’던 부자아빠, 최악 폭락장 경고…“기회 될수도” 왜?",21시간 전,https://n.news.naver.com/mnews/article/016/0002333282?sid=101
"""수상한 남자가 화단에 뭔가 파묻어""…전국에 마약 유통한 70명 덜미",22시간 전,https://n.news.naver.com/mnews/article/057/0001828683?sid=102
[자동차와 法] 미래자동차부품산업법 도입배경과 향후 전망,22시간 전,https://n.news.naver.com/mnews/article/020/0003575326?sid=105
"'비트코인 4억 간다'던 부자아빠 ""사상 가장 큰 시장붕괴 올 것"" 왜",23시간 전,https://n.news.naver.com/mnews/article/025/0003372266?sid=104
"비트코인 '4억' 간다더니…'부자아빠' “부동산·주식 등 모두 폭락할 것"" 갑자기 왜?",23시간 전,https://n.news.naver.com/mnews/article/011/0004364142?sid=101
고속 성장 과정서 파트너와 마찰도...은둔의 코인황제 두나무 송치형 회장 [못다한 그 재벌 이야기],23시간 전,https://n.news.naver.com/mnews/article/081/0003463676?sid=101
