title,time,link
'수조 원 비트코인' 쪼개 풀며 시장 쥐락펴락…큰손된 독일경찰청,,https://n.news.naver.com/mnews/article/277/0005443416?sid=101
"비트코인 4억 간다더니…부자아빠 ""최악 폭락장 온다"" 경고",,https://n.news.naver.com/mnews/article/374/0000391872?sid=101
"비트코인, 저가 매수세에 8200만원 회복",,https://n.news.naver.com/mnews/article/003/0012657248?sid=101
"대선 다가오는데…""비트코인 내년 2억원 돌파""",,https://n.news.naver.com/mnews/article/215/0001170138?sid=101
"'저가 매수' 비트코인 3% 상승, 5만8000달러 근접",,https://n.news.naver.com/mnews/article/421/0007653205?sid=104
"[단독]금융위, 비트모빅 DEX 거래소 '모빅매니아' 수사 의뢰",,https://n.news.naver.com/mnews/article/293/0000056149?sid=101
비트코인 바닥 찍고 반등?… 8300만원까지 회복 성공,,https://n.news.naver.com/mnews/article/008/0005061932?sid=101
"""2억 간다더니"" 비트코인 폭락…코스피 상승에 주식 빚투 급증",,https://n.news.naver.com/mnews/article/057/0001828724?sid=101
"회복 조짐 보이는 가상자산 시장… 비트코인, 6만달러 재터치할까",,https://n.news.naver.com/mnews/article/366/0001003412?sid=101
"비트코인, 이동평균선 골든크로스 임박 '급등 가능성'",,https://n.news.naver.com/mnews/article/123/0002337925?sid=004
"코인 투자 안전하게…업비트·코인원, 선제적 예치 자산 관리",,https://n.news.naver.com/mnews/article/001/0014796883?sid=101
비트코인 바닥 찍고 반등?… 8300만원까지 회복 성공,,https://n.news.naver.com/mnews/article/008/0005061932?sid=101
"""2억 간다더니"" 비트코인 폭락…코스피 상승에 주식 빚투 급증",,https://n.news.naver.com/mnews/article/057/0001828724?sid=101
"회복 조짐 보이는 가상자산 시장… 비트코인, 6만달러 재터치할까",,https://n.news.naver.com/mnews/article/366/0001003412?sid=101
"비트코인, 이동평균선 골든크로스 임박 '급등 가능성'",,https://n.news.naver.com/mnews/article/123/0002337925?sid=004
"비트코인, 폭락장 속 단기투자 지갑 57만개 청산…큰 장 준비",,https://n.news.naver.com/mnews/article/123/0002337916?sid=004
"“아, 김새네”…업비트·빗썸, 코인 하락장에 시큰둥해진 투자대회",,https://n.news.naver.com/mnews/article/243/0000061782?sid=101
트럼프 밈 코인에 막내아들이 관여했다?[비트코인 A to Z],,https://n.news.naver.com/mnews/article/050/0000077345?sid=101
거래량 증가 효과…'빗썸' 신규 상장 코인 급등세[특징코인],,https://n.news.naver.com/mnews/article/421/0007655318?sid=101
"비트코인, 가격측정모델 멱법칙 분석 결과 내년 '2.4억원 '",,https://n.news.naver.com/mnews/article/123/0002337965?sid=004
고속 성장 과정서 파트너와 마찰도...은둔의 코인황제 두나무 송치형 회장 [못다한 그 재벌 이야기],,https://n.news.naver.com/mnews/article/081/0003463676?sid=101
"""100만원짜리가 6만원으로""…NFT 시장 몰락",,https://n.news.naver.com/mnews/article/003/0012659043?sid=101
공수처 차장에 '검사 출신' 이재승 변호사,,https://n.news.naver.com/mnews/article/031/0000852023?sid=102
"몸값 오른 가상화폐, 해킹 절도도 급증",,https://n.news.naver.com/mnews/article/215/0001170231?sid=004
S&P·나스닥 '또 최고치'...파월 해석 '분분' [출근전 꼭 글로벌브리핑],,https://n.news.naver.com/mnews/article/215/0001170096?sid=101
"송치형 회장, 가상자산의 모든 것·투자사기 교육 강화",,https://n.news.naver.com/mnews/article/031/0000851930?sid=101
“아파트 화단에 수상한 걸 묻어요”…23세 총책 주도 마약 유통 일당 70명 검거,,https://n.news.naver.com/mnews/article/009/0005332091?sid=102
해커가 훔친 암호화폐 2배 이상 늘었다,,https://n.news.naver.com/mnews/article/015/0005007932?sid=104
"""수상한 남자가 화단에 뭔가 파묻어""…전국에 마약 유통한 70명 덜미",,https://n.news.naver.com/mnews/article/057/0001828683?sid=102
'외교마찰' 韓기업에 보복 … 친러·친중 해킹공격 하루 4백건,,https://n.news.naver.com/mnews/article/009/0005332609?sid=105
[데스크의 눈]#BTC 논쟁,,https://n.news.naver.com/mnews/article/018/0005785406?sid=101
"S&P500, 파월 발언 앞두고 또 사상 최고치 출발",,https://n.news.naver.com/mnews/article/015/0005007780?sid=101
2024년 주택시장 90년대생이 온다,,https://n.news.naver.com/mnews/article/015/0005008083?sid=101
코스피·코스닥 하락 출발… 전선주는 빨간불 켰다,,https://n.news.naver.com/mnews/article/008/0005061743?sid=101
"""수상한 남자가 화단에 뭔가 파묻어""…전국에 마약 유통한 70명 덜미",,https://n.news.naver.com/mnews/article/057/0001828760?sid=102
"코스피, 2860선 사수전…환율 1380원대 중반",,https://n.news.naver.com/mnews/article/374/0000391915?sid=101
"파월 “금리 늦게 낮추면 경제 둔화”…S&P500, 0.07%↑[데일리국제금융시장]",,https://n.news.naver.com/mnews/article/011/0004364220?sid=101
[자동차와 法] 미래자동차부품산업법 도입배경과 향후 전망,22시간 전,https://n.news.naver.com/mnews/article/020/0003575326?sid=105
고속 성장 과정서 파트너와 마찰도...은둔의 코인황제 두나무 송치형 회장 [못다한 그 재벌 이야기],23시간 전,https://n.news.naver.com/mnews/article/081/0003463676?sid=101
"""100만원짜리가 6만원으로""…NFT 시장 몰락",1시간 전,https://n.news.naver.com/mnews/article/003/0012659043?sid=101
공수처 차장에 '검사 출신' 이재승 변호사,7시간 전,https://n.news.naver.com/mnews/article/031/0000852023?sid=102
"몸값 오른 가상화폐, 해킹 절도도 급증",1시간 전,https://n.news.naver.com/mnews/article/215/0001170231?sid=004
S&P·나스닥 '또 최고치'...파월 해석 '분분' [출근전 꼭 글로벌브리핑],11시간 전,https://n.news.naver.com/mnews/article/215/0001170096?sid=101
"송치형 회장, 가상자산의 모든 것·투자사기 교육 강화",12시간 전,https://n.news.naver.com/mnews/article/031/0000851930?sid=101
“아파트 화단에 수상한 걸 묻어요”…23세 총책 주도 마약 유통 일당 70명 검거,20시간 전,https://n.news.naver.com/mnews/article/009/0005332091?sid=102
"가장자산법 코앞…업비트·코인원, 예치 자산 관리 '분주'",10시간 전,https://n.news.naver.com/mnews/article/374/0000391908?sid=101
해커가 훔친 암호화폐 2배 이상 늘었다,7시간 전,https://n.news.naver.com/mnews/article/015/0005007932?sid=104
"송치형 두나무 회장, 투자자 교육 앞장…투자자보호센터 출범",8시간 전,https://n.news.naver.com/mnews/article/008/0005061756?sid=101
"가장자산법 코앞…업비트·코인원, 예치 자산 관리 '분주'",10시간 전,https://n.news.naver.com/mnews/article/374/0000391908?sid=101
해커가 훔친 암호화폐 2배 이상 늘었다,7시간 전,https://n.news.naver.com/mnews/article/015/0005007932?sid=104
"""수상한 남자가 화단에 뭔가 파묻어""…전국에 마약 유통한 70명 덜미",22시간 전,https://n.news.naver.com/mnews/article/057/0001828683?sid=102
'외교마찰' 韓기업에 보복 … 친러·친중 해킹공격 하루 4백건,27분 전,https://n.news.naver.com/mnews/article/009/0005332609?sid=105
[데스크의 눈]#BTC 논쟁,19시간 전,https://n.news.naver.com/mnews/article/018/0005785406?sid=101
"S&P500, 파월 발언 앞두고 또 사상 최고치 출발",19시간 전,https://n.news.naver.com/mnews/article/015/0005007780?sid=101
2024년 주택시장 90년대생이 온다,1시간 전,https://n.news.naver.com/mnews/article/015/0005008083?sid=101
코스피·코스닥 하락 출발… 전선주는 빨간불 켰다,8시간 전,https://n.news.naver.com/mnews/article/008/0005061743?sid=101
"""수상한 남자가 화단에 뭔가 파묻어""…전국에 마약 유통한 70명 덜미",8시간 전,https://n.news.naver.com/mnews/article/057/0001828760?sid=102
"코스피, 2860선 사수전…환율 1380원대 중반",9시간 전,https://n.news.naver.com/mnews/article/374/0000391915?sid=101
"파월 “금리 늦게 낮추면 경제 둔화”…S&P500, 0.07%↑[데일리국제금융시장]",11시간 전,https://n.news.naver.com/mnews/article/011/0004364220?sid=101
[자동차와 法] 미래자동차부품산업법 도입배경과 향후 전망,22시간 전,https://n.news.naver.com/mnews/article/020/0003575326?sid=105
